labels,a.6oik,i.5zk3,i.5zkb,i.5zkc,a.6oik-i.5zk3,a.6oik-i.5zkb,a.6oik-i.5zkc
"x2ee, x3ee, x4ee",87.88,74.68,75.01,73.90,13.20,12.87,13.98
"x2ee, x3ee, xEL2",114.58,108.11,117.09,106.42,6.47,-2.51,8.16
"x2ee, x3ee, x5ee",159.44,141.04,155.60,139.08,18.40,3.84,20.36
"x2ee, x3ee, x6ee",163.12,160.48,162.53,159.38,2.64,0.59,3.74
"x2ee, x3ee, x7ee",86.19,80.03,86.84,80.49,6.16,-0.65,5.70
"x2ee, x4ee, xEL2",124.61,103.46,112.14,103.44,21.15,12.47,21.17
"x2ee, x4ee, x5ee",152.60,161.41,174.46,160.48,-8.81,-21.86,-7.88
"x2ee, x4ee, x6ee",207.02,232.24,230.92,231.61,-25.22,-23.90,-24.59
"x2ee, x4ee, x7ee",125.38,133.69,144.60,134.38,-8.31,-19.22,-9.00
"x2ee, xEL2, x5ee",44.13,41.93,43.08,40.45,2.20,1.05,3.68
"x2ee, xEL2, x6ee",76.49,131.39,134.32,130.04,-54.90,-57.83,-53.55
"x2ee, xEL2, x7ee",68.58,95.94,110.73,96.03,-27.36,-42.15,-27.45
"x2ee, x5ee, x6ee",110.18,115.69,123.30,114.34,-5.51,-13.12,-4.16
"x2ee, x5ee, x7ee",96.53,98.77,119.51,98.45,-2.24,-22.98,-1.92
"x2ee, x6ee, x7ee",41.02,47.09,57.21,46.88,-6.07,-16.19,-5.86
"x3ee, x4ee, xEL2",83.46,66.05,66.32,66.62,17.41,17.14,16.84
"x3ee, x4ee, x5ee",81.97,93.94,93.42,94.42,-11.97,-11.45,-12.45
"x3ee, x4ee, x6ee",132.12,149.58,145.00,149.95,-17.46,-12.88,-17.83
"x3ee, x4ee, x7ee",123.44,128.42,132.76,128.05,-4.98,-9.32,-4.61
"x3ee, xEL2, x5ee",53.43,22.85,22.01,21.04,30.58,31.42,32.39
"x3ee, xEL2, x6ee",28.02,83.62,93.02,82.16,-55.60,-65.00,-54.14
"x3ee, xEL2, x7ee",96.98,124.44,141.38,122.62,-27.46,-44.40,-25.64
"x3ee, x5ee, x6ee",105.79,96.62,116.75,94.66,9.17,-10.96,11.13
"x3ee, x5ee, x7ee",167.46,159.78,188.24,157.04,7.68,-20.78,10.42
"x3ee, x6ee, x7ee",117.40,127.54,132.88,125.73,-10.14,-15.48,-8.33
"x4ee, xEL2, x5ee",51.77,17.95,20.97,17.61,33.82,30.80,34.16
"x4ee, xEL2, x6ee",37.16,7.27,15.58,8.22,29.89,21.58,28.94
"x4ee, xEL2, x7ee",69.71,66.49,78.80,65.75,3.22,-9.09,3.96
"x4ee, x5ee, x6ee",55.75,47.83,67.16,45.91,7.92,-11.41,9.84
"x4ee, x5ee, x7ee",123.70,126.48,149.18,124.59,-2.78,-25.48,-0.89
"x4ee, x6ee, x7ee",122.29,144.45,142.50,143.40,-22.16,-20.21,-21.11
"xEL2, x5ee, x6ee",32.44,24.73,30.81,23.74,7.71,1.63,8.70
"xEL2, x5ee, x7ee",36.38,42.33,49.67,41.31,-5.95,-13.29,-4.93
"xEL2, x6ee, x7ee",48.12,81.39,79.25,80.32,-33.27,-31.13,-32.20
"x5ee, x6ee, x7ee",54.30,63.76,60.44,62.68,-9.46,-6.14,-8.38
