labels,a.6wha,i.6a93,i.6a94,i.6wh4,a.6wha-i.6a93,a.6wha-i.6a94,a.6wha-i.6wh4
"x2ee, x3ee, x4ee, x5ee",233.17,225.16,219.02,218.14,8.01,14.15,15.03
"x2ee, x3ee, x4ee, x6ee",311.46,337.36,332.90,322.88,-25.91,-21.45,-11.43
"x2ee, x3ee, x4ee, x7ee",258.88,283.30,270.62,265.12,-24.43,-11.74,-6.24
"x2ee, x3ee, x5ee, x6ee",254.92,301.37,287.26,266.20,-46.44,-32.33,-11.27
"x2ee, x3ee, x5ee, x7ee",272.58,304.76,281.57,266.17,-32.18,-8.99,6.41
"x2ee, x3ee, x6ee, x7ee",232.33,265.42,251.61,226.40,-33.08,-19.28,5.94
"x2ee, x4ee, x5ee, x6ee",259.12,284.13,277.06,274.02,-25.01,-17.94,-14.89
"x2ee, x4ee, x5ee, x7ee",276.96,286.05,269.64,272.10,-9.09,7.33,4.87
"x2ee, x4ee, x6ee, x7ee",291.62,308.80,298.18,295.12,-17.18,-6.56,-3.50
"x2ee, x5ee, x6ee, x7ee",181.60,220.44,204.30,197.37,-38.84,-22.71,-15.78
"x3ee, x4ee, x5ee, x6ee",182.65,183.88,174.47,190.80,-1.22,8.18,-8.16
"x3ee, x4ee, x5ee, x7ee",259.80,249.18,230.41,244.55,10.63,29.39,15.25
"x3ee, x4ee, x6ee, x7ee",276.70,276.24,264.23,272.35,0.45,12.46,4.35
"x3ee, x5ee, x6ee, x7ee",220.75,240.67,220.38,217.66,-19.92,0.38,3.09
"x4ee, x5ee, x6ee, x7ee",158.98,167.50,158.35,157.29,-8.52,0.63,1.69
